-- phpMyAdmin SQL Dump
-- version 4.8.4
-- https://www.phpmyadmin.net/
--
-- Host: 127.0.0.1
-- Generation Time: Oct 24, 2019 at 12:51 PM
-- Server version: 10.1.37-MariaDB
-- PHP Version: 7.3.1

SET SQL_MODE = "NO_AUTO_VALUE_ON_ZERO";
SET AUTOCOMMIT = 0;
START TRANSACTION;
SET time_zone = "+00:00";


/*!40101 SET @OLD_CHARACTER_SET_CLIENT=@@CHARACTER_SET_CLIENT */;
/*!40101 SET @OLD_CHARACTER_SET_RESULTS=@@CHARACTER_SET_RESULTS */;
/*!40101 SET @OLD_COLLATION_CONNECTION=@@COLLATION_CONNECTION */;
/*!40101 SET NAMES utf8mb4 */;

--
-- Database: `expenses`
--

-- --------------------------------------------------------

--
-- Table structure for table `categories`
--

CREATE TABLE `categories` (
  `id` int(10) UNSIGNED NOT NULL,
  `name` varchar(191) COLLATE utf8mb4_unicode_ci DEFAULT NULL,
  `created_at` timestamp NULL DEFAULT NULL,
  `updated_at` timestamp NULL DEFAULT NULL,
  `deleted_at` timestamp NULL DEFAULT NULL
) ENGINE=InnoDB DEFAULT CHARSET=utf8mb4 COLLATE=utf8mb4_unicode_ci;

--
-- Dumping data for table `categories`
--

INSERT INTO `categories` (`id`, `name`, `created_at`, `updated_at`, `deleted_at`) VALUES
(1, 'Food', '2019-10-24 07:22:33', '2019-10-24 07:22:33', NULL);

-- --------------------------------------------------------

--
-- Table structure for table `expenses`
--

CREATE TABLE `expenses` (
  `id` int(10) UNSIGNED NOT NULL,
  `amount` decimal(15,2) NOT NULL,
  `name` varchar(191) COLLATE utf8mb4_unicode_ci DEFAULT NULL,
  `description` longtext COLLATE utf8mb4_unicode_ci,
  `expense_date` date NOT NULL,
  `created_at` timestamp NULL DEFAULT NULL,
  `updated_at` timestamp NULL DEFAULT NULL,
  `deleted_at` timestamp NULL DEFAULT NULL,
  `category_id` int(10) UNSIGNED DEFAULT NULL
) ENGINE=InnoDB DEFAULT CHARSET=utf8mb4 COLLATE=utf8mb4_unicode_ci;

--
-- Dumping data for table `expenses`
--

INSERT INTO `expenses` (`id`, `amount`, `name`, `description`, `expense_date`, `created_at`, `updated_at`, `deleted_at`, `category_id`) VALUES
(1, '90000.00', '50kgs za Mchele', 'Mchele wa Kyela', '2019-10-25', '2019-10-24 07:23:29', '2019-10-24 07:23:29', NULL, 1);

-- --------------------------------------------------------

--
-- Table structure for table `failed_jobs`
--

CREATE TABLE `failed_jobs` (
  `id` bigint(20) UNSIGNED NOT NULL,
  `connection` text COLLATE utf8mb4_unicode_ci NOT NULL,
  `queue` text COLLATE utf8mb4_unicode_ci NOT NULL,
  `payload` longtext COLLATE utf8mb4_unicode_ci NOT NULL,
  `exception` longtext COLLATE utf8mb4_unicode_ci NOT NULL,
  `failed_at` timestamp NOT NULL DEFAULT CURRENT_TIMESTAMP
) ENGINE=InnoDB DEFAULT CHARSET=utf8mb4 COLLATE=utf8mb4_unicode_ci;

-- --------------------------------------------------------

--
-- Table structure for table `migrations`
--

CREATE TABLE `migrations` (
  `id` int(10) UNSIGNED NOT NULL,
  `migration` varchar(191) COLLATE utf8mb4_unicode_ci NOT NULL,
  `batch` int(11) NOT NULL
) ENGINE=InnoDB DEFAULT CHARSET=utf8mb4 COLLATE=utf8mb4_unicode_ci;

--
-- Dumping data for table `migrations`
--

INSERT INTO `migrations` (`id`, `migration`, `batch`) VALUES
(1, '2014_10_12_100000_create_password_resets_table', 1),
(2, '2016_06_01_000001_create_oauth_auth_codes_table', 1),
(3, '2016_06_01_000002_create_oauth_access_tokens_table', 1),
(4, '2016_06_01_000003_create_oauth_refresh_tokens_table', 1),
(5, '2016_06_01_000004_create_oauth_clients_table', 1),
(6, '2016_06_01_000005_create_oauth_personal_access_clients_table', 1),
(7, '2019_08_19_000000_create_failed_jobs_table', 1),
(8, '2019_10_12_000001_create_permissions_table', 1),
(9, '2019_10_12_000002_create_roles_table', 1),
(10, '2019_10_12_000003_create_users_table', 1),
(11, '2019_10_12_000004_create_categories_table', 1),
(12, '2019_10_12_000005_create_expenses_table', 1),
(13, '2019_10_12_000006_create_permission_role_pivot_table', 1),
(14, '2019_10_12_000007_create_role_user_pivot_table', 1),
(15, '2019_10_12_000008_add_relationship_fields_to_expenses_table', 1);

-- --------------------------------------------------------

--
-- Table structure for table `oauth_access_tokens`
--

CREATE TABLE `oauth_access_tokens` (
  `id` varchar(100) COLLATE utf8mb4_unicode_ci NOT NULL,
  `user_id` bigint(20) DEFAULT NULL,
  `client_id` int(10) UNSIGNED NOT NULL,
  `name` varchar(191) COLLATE utf8mb4_unicode_ci DEFAULT NULL,
  `scopes` text COLLATE utf8mb4_unicode_ci,
  `revoked` tinyint(1) NOT NULL,
  `created_at` timestamp NULL DEFAULT NULL,
  `updated_at` timestamp NULL DEFAULT NULL,
  `expires_at` datetime DEFAULT NULL
) ENGINE=InnoDB DEFAULT CHARSET=utf8mb4 COLLATE=utf8mb4_unicode_ci;

-- --------------------------------------------------------

--
-- Table structure for table `oauth_auth_codes`
--

CREATE TABLE `oauth_auth_codes` (
  `id` varchar(100) COLLATE utf8mb4_unicode_ci NOT NULL,
  `user_id` bigint(20) NOT NULL,
  `client_id` int(10) UNSIGNED NOT NULL,
  `scopes` text COLLATE utf8mb4_unicode_ci,
  `revoked` tinyint(1) NOT NULL,
  `expires_at` datetime DEFAULT NULL
) ENGINE=InnoDB DEFAULT CHARSET=utf8mb4 COLLATE=utf8mb4_unicode_ci;

-- --------------------------------------------------------

--
-- Table structure for table `oauth_clients`
--

CREATE TABLE `oauth_clients` (
  `id` int(10) UNSIGNED NOT NULL,
  `user_id` bigint(20) DEFAULT NULL,
  `name` varchar(191) COLLATE utf8mb4_unicode_ci NOT NULL,
  `secret` varchar(100) COLLATE utf8mb4_unicode_ci NOT NULL,
  `redirect` text COLLATE utf8mb4_unicode_ci NOT NULL,
  `personal_access_client` tinyint(1) NOT NULL,
  `password_client` tinyint(1) NOT NULL,
  `revoked` tinyint(1) NOT NULL,
  `created_at` timestamp NULL DEFAULT NULL,
  `updated_at` timestamp NULL DEFAULT NULL
) ENGINE=InnoDB DEFAULT CHARSET=utf8mb4 COLLATE=utf8mb4_unicode_ci;

-- --------------------------------------------------------

--
-- Table structure for table `oauth_personal_access_clients`
--

CREATE TABLE `oauth_personal_access_clients` (
  `id` int(10) UNSIGNED NOT NULL,
  `client_id` int(10) UNSIGNED NOT NULL,
  `created_at` timestamp NULL DEFAULT NULL,
  `updated_at` timestamp NULL DEFAULT NULL
) ENGINE=InnoDB DEFAULT CHARSET=utf8mb4 COLLATE=utf8mb4_unicode_ci;

-- --------------------------------------------------------

--
-- Table structure for table `oauth_refresh_tokens`
--

CREATE TABLE `oauth_refresh_tokens` (
  `id` varchar(100) COLLATE utf8mb4_unicode_ci NOT NULL,
  `access_token_id` varchar(100) COLLATE utf8mb4_unicode_ci NOT NULL,
  `revoked` tinyint(1) NOT NULL,
  `expires_at` datetime DEFAULT NULL
) ENGINE=InnoDB DEFAULT CHARSET=utf8mb4 COLLATE=utf8mb4_unicode_ci;

-- --------------------------------------------------------

--
-- Table structure for table `password_resets`
--

CREATE TABLE `password_resets` (
  `email` varchar(191) COLLATE utf8mb4_unicode_ci NOT NULL,
  `token` varchar(191) COLLATE utf8mb4_unicode_ci NOT NULL,
  `created_at` timestamp NULL DEFAULT NULL
) ENGINE=InnoDB DEFAULT CHARSET=utf8mb4 COLLATE=utf8mb4_unicode_ci;

-- --------------------------------------------------------

--
-- Table structure for table `permissions`
--

CREATE TABLE `permissions` (
  `id` int(10) UNSIGNED NOT NULL,
  `title` varchar(191) COLLATE utf8mb4_unicode_ci DEFAULT NULL,
  `created_at` timestamp NULL DEFAULT NULL,
  `updated_at` timestamp NULL DEFAULT NULL,
  `deleted_at` timestamp NULL DEFAULT NULL
) ENGINE=InnoDB DEFAULT CHARSET=utf8mb4 COLLATE=utf8mb4_unicode_ci;

--
-- Dumping data for table `permissions`
--

INSERT INTO `permissions` (`id`, `title`, `created_at`, `updated_at`, `deleted_at`) VALUES
(1, 'user_management_access', NULL, NULL, NULL),
(2, 'permission_create', NULL, NULL, NULL),
(3, 'permission_edit', NULL, NULL, NULL),
(4, 'permission_show', NULL, NULL, NULL),
(5, 'permission_delete', NULL, NULL, NULL),
(6, 'permission_access', NULL, NULL, NULL),
(7, 'role_create', NULL, NULL, NULL),
(8, 'role_edit', NULL, NULL, NULL),
(9, 'role_show', NULL, NULL, NULL),
(10, 'role_delete', NULL, NULL, NULL),
(11, 'role_access', NULL, NULL, NULL),
(12, 'user_create', NULL, NULL, NULL),
(13, 'user_edit', NULL, NULL, NULL),
(14, 'user_show', NULL, NULL, NULL),
(15, 'user_delete', NULL, NULL, NULL),
(16, 'user_access', NULL, NULL, NULL),
(17, 'category_create', NULL, NULL, NULL),
(18, 'category_edit', NULL, NULL, NULL),
(19, 'category_show', NULL, NULL, NULL),
(20, 'category_delete', NULL, NULL, NULL),
(21, 'category_access', NULL, NULL, NULL),
(22, 'expense_create', NULL, NULL, NULL),
(23, 'expense_edit', NULL, NULL, NULL),
(24, 'expense_show', NULL, NULL, NULL),
(25, 'expense_delete', NULL, NULL, NULL),
(26, 'expense_access', NULL, NULL, NULL);

-- --------------------------------------------------------

--
-- Table structure for table `permission_role`
--

CREATE TABLE `permission_role` (
  `role_id` int(10) UNSIGNED NOT NULL,
  `permission_id` int(10) UNSIGNED NOT NULL
) ENGINE=InnoDB DEFAULT CHARSET=utf8mb4 COLLATE=utf8mb4_unicode_ci;

--
-- Dumping data for table `permission_role`
--

INSERT INTO `permission_role` (`role_id`, `permission_id`) VALUES
(1, 1),
(1, 2),
(1, 3),
(1, 4),
(1, 5),
(1, 6),
(1, 7),
(1, 8),
(1, 9),
(1, 10),
(1, 11),
(1, 12),
(1, 13),
(1, 14),
(1, 15),
(1, 16),
(1, 17),
(1, 18),
(1, 19),
(1, 20),
(1, 21),
(1, 22),
(1, 23),
(1, 24),
(1, 25),
(1, 26),
(2, 17),
(2, 18),
(2, 19),
(2, 20),
(2, 21),
(2, 22),
(2, 23),
(2, 24),
(2, 25),
(2, 26);

-- --------------------------------------------------------

--
-- Table structure for table `roles`
--

CREATE TABLE `roles` (
  `id` int(10) UNSIGNED NOT NULL,
  `title` varchar(191) COLLATE utf8mb4_unicode_ci DEFAULT NULL,
  `created_at` timestamp NULL DEFAULT NULL,
  `updated_at` timestamp NULL DEFAULT NULL,
  `deleted_at` timestamp NULL DEFAULT NULL
) ENGINE=InnoDB DEFAULT CHARSET=utf8mb4 COLLATE=utf8mb4_unicode_ci;

--
-- Dumping data for table `roles`
--

INSERT INTO `roles` (`id`, `title`, `created_at`, `updated_at`, `deleted_at`) VALUES
(1, 'Admin', NULL, NULL, NULL),
(2, 'User', NULL, NULL, NULL);

-- --------------------------------------------------------

--
-- Table structure for table `role_user`
--

CREATE TABLE `role_user` (
  `user_id` int(10) UNSIGNED NOT NULL,
  `role_id` int(10) UNSIGNED NOT NULL
) ENGINE=InnoDB DEFAULT CHARSET=utf8mb4 COLLATE=utf8mb4_unicode_ci;

--
-- Dumping data for table `role_user`
--

INSERT INTO `role_user` (`user_id`, `role_id`) VALUES
(1, 1);

-- --------------------------------------------------------

--
-- Table structure for table `users`
--

CREATE TABLE `users` (
  `id` int(10) UNSIGNED NOT NULL,
  `name` varchar(191) COLLATE utf8mb4_unicode_ci NOT NULL,
  `email` varchar(191) COLLATE utf8mb4_unicode_ci NOT NULL,
  `email_verified_at` datetime DEFAULT NULL,
  `password` varchar(191) COLLATE utf8mb4_unicode_ci NOT NULL,
  `remember_token` varchar(191) COLLATE utf8mb4_unicode_ci DEFAULT NULL,
  `created_at` timestamp NULL DEFAULT NULL,
  `updated_at` timestamp NULL DEFAULT NULL,
  `deleted_at` timestamp NULL DEFAULT NULL
) ENGINE=InnoDB DEFAULT CHARSET=utf8mb4 COLLATE=utf8mb4_unicode_ci;

--
-- Dumping data for table `users`
--

INSERT INTO `users` (`id`, `name`, `email`, `email_verified_at`, `password`, `remember_token`, `created_at`, `updated_at`, `deleted_at`) VALUES
(1, 'Admin', 'admin@admin.com', NULL, '$2y$10$6msok6Mav90dx7I.v/R8L.L7MLjQ09U5wHdrFHcEErjdC1lsNjwH2', NULL, NULL, NULL, NULL);

--
-- Indexes for dumped tables
--

--
-- Indexes for table `categories`
--
ALTER TABLE `categories`
  ADD PRIMARY KEY (`id`);

--
-- Indexes for table `expenses`
--
ALTER TABLE `expenses`
  ADD PRIMARY KEY (`id`),
  ADD KEY `category_fk_459900` (`category_id`);

--
-- Indexes for table `failed_jobs`
--
ALTER TABLE `failed_jobs`
  ADD PRIMARY KEY (`id`);

--
-- Indexes for table `migrations`
--
ALTER TABLE `migrations`
  ADD PRIMARY KEY (`id`);

--
-- Indexes for table `oauth_access_tokens`
--
ALTER TABLE `oauth_access_tokens`
  ADD PRIMARY KEY (`id`),
  ADD KEY `oauth_access_tokens_user_id_index` (`user_id`);

--
-- Indexes for table `oauth_auth_codes`
--
ALTER TABLE `oauth_auth_codes`
  ADD PRIMARY KEY (`id`);

--
-- Indexes for table `oauth_clients`
--
ALTER TABLE `oauth_clients`
  ADD PRIMARY KEY (`id`),
  ADD KEY `oauth_clients_user_id_index` (`user_id`);

--
-- Indexes for table `oauth_personal_access_clients`
--
ALTER TABLE `oauth_personal_access_clients`
  ADD PRIMARY KEY (`id`),
  ADD KEY `oauth_personal_access_clients_client_id_index` (`client_id`);

--
-- Indexes for table `oauth_refresh_tokens`
--
ALTER TABLE `oauth_refresh_tokens`
  ADD PRIMARY KEY (`id`),
  ADD KEY `oauth_refresh_tokens_access_token_id_index` (`access_token_id`);

--
-- Indexes for table `password_resets`
--
ALTER TABLE `password_resets`
  ADD KEY `password_resets_email_index` (`email`);

--
-- Indexes for table `permissions`
--
ALTER TABLE `permissions`
  ADD PRIMARY KEY (`id`);

--
-- Indexes for table `permission_role`
--
ALTER TABLE `permission_role`
  ADD KEY `role_id_fk_459853` (`role_id`),
  ADD KEY `permission_id_fk_459853` (`permission_id`);

--
-- Indexes for table `roles`
--
ALTER TABLE `roles`
  ADD PRIMARY KEY (`id`);

--
-- Indexes for table `role_user`
--
ALTER TABLE `role_user`
  ADD KEY `user_id_fk_459862` (`user_id`),
  ADD KEY `role_id_fk_459862` (`role_id`);

--
-- Indexes for table `users`
--
ALTER TABLE `users`
  ADD PRIMARY KEY (`id`),
  ADD UNIQUE KEY `users_email_unique` (`email`);

--
-- AUTO_INCREMENT for dumped tables
--

--
-- AUTO_INCREMENT for table `categories`
--
ALTER TABLE `categories`
  MODIFY `id` int(10) UNSIGNED NOT NULL AUTO_INCREMENT, AUTO_INCREMENT=2;

--
-- AUTO_INCREMENT for table `expenses`
--
ALTER TABLE `expenses`
  MODIFY `id` int(10) UNSIGNED NOT NULL AUTO_INCREMENT, AUTO_INCREMENT=2;

--
-- AUTO_INCREMENT for table `failed_jobs`
--
ALTER TABLE `failed_jobs`
  MODIFY `id` bigint(20) UNSIGNED NOT NULL AUTO_INCREMENT;

--
-- AUTO_INCREMENT for table `migrations`
--
ALTER TABLE `migrations`
  MODIFY `id` int(10) UNSIGNED NOT NULL AUTO_INCREMENT, AUTO_INCREMENT=16;

--
-- AUTO_INCREMENT for table `oauth_clients`
--
ALTER TABLE `oauth_clients`
  MODIFY `id` int(10) UNSIGNED NOT NULL AUTO_INCREMENT;

--
-- AUTO_INCREMENT for table `oauth_personal_access_clients`
--
ALTER TABLE `oauth_personal_access_clients`
  MODIFY `id` int(10) UNSIGNED NOT NULL AUTO_INCREMENT;

--
-- AUTO_INCREMENT for table `permissions`
--
ALTER TABLE `permissions`
  MODIFY `id` int(10) UNSIGNED NOT NULL AUTO_INCREMENT, AUTO_INCREMENT=27;

--
-- AUTO_INCREMENT for table `roles`
--
ALTER TABLE `roles`
  MODIFY `id` int(10) UNSIGNED NOT NULL AUTO_INCREMENT, AUTO_INCREMENT=3;

--
-- AUTO_INCREMENT for table `users`
--
ALTER TABLE `users`
  MODIFY `id` int(10) UNSIGNED NOT NULL AUTO_INCREMENT, AUTO_INCREMENT=2;

--
-- Constraints for dumped tables
--

--
-- Constraints for table `expenses`
--
ALTER TABLE `expenses`
  ADD CONSTRAINT `category_fk_459900` FOREIGN KEY (`category_id`) REFERENCES `categories` (`id`);

--
-- Constraints for table `permission_role`
--
ALTER TABLE `permission_role`
  ADD CONSTRAINT `permission_id_fk_459853` FOREIGN KEY (`permission_id`) REFERENCES `permissions` (`id`) ON DELETE CASCADE,
  ADD CONSTRAINT `role_id_fk_459853` FOREIGN KEY (`role_id`) REFERENCES `roles` (`id`) ON DELETE CASCADE;

--
-- Constraints for table `role_user`
--
ALTER TABLE `role_user`
  ADD CONSTRAINT `role_id_fk_459862` FOREIGN KEY (`role_id`) REFERENCES `roles` (`id`) ON DELETE CASCADE,
  ADD CONSTRAINT `user_id_fk_459862` FOREIGN KEY (`user_id`) REFERENCES `users` (`id`) ON DELETE CASCADE;
COMMIT;

/*!40101 SET CHARACTER_SET_CLIENT=@OLD_CHARACTER_SET_CLIENT */;
/*!40101 SET CHARACTER_SET_RESULTS=@OLD_CHARACTER_SET_RESULTS */;
/*!40101 SET COLLATION_CONNECTION=@OLD_COLLATION_CONNECTION */;
